{
  "version": "4.3.14",
  "layer": 216,
  "file_size": 2096024840,
  "download": {
    "start_time": 1765730442.238,
    "end_time": 1765730955.315,
    "time_taken": 513.0775607,
    "avg_speed": "3.90 MB/s"
  },
  "upload": {
    "start_time": 1765730955.315,
    "end_time": 1765731799.523,
    "time_taken": 844.207499,
    "avg_speed": "2.37 MB/s"
  }
}